"","Chi-square","Df","p-value"
"Shannon",123.160210090409,20,7.38868344932387e-17
"Chao1",101.422910708724,20,7.00189251766551e-13
"Pielou",125.403408791464,20,2.82318818747163e-17
