"","Df","SumOfSqs","R2","F","Pr(>F)"
"Model",20,47.1593469481673,0.689556815819611,16.4368898951251,0.001
"Residual",148,21.231459822575,0.31044318418039,NA,NA
"Total",168,68.3908067707422,1,NA,NA
